{
  "best_epoch": 22,
  "val_macro_f1": 0.9126152695603925,
  "per_class_f1": {
    "ordinary": 0.9259259259259259,
    "hard": 0.898876404494382,
    "talc": 0.9130434782608695
  },
  "per_part": {
    "ch1": {
      "n": 13,
      "macro_f1": 0.8666666666666667,
      "accuracy": 0.9230769230769231
    },
    "ch2": {
      "n": 207,
      "macro_f1": 0.9165744465089055,
      "accuracy": 0.9130434782608695
    }
  },
  "confusion_matrix": [
    [
      100,
      5,
      0
    ],
    [
      10,
      80,
      2
    ],
    [
      1,
      1,
      21
    ]
  ],
  "train_time_sec": 409.5,
  "n_train": 880,
  "n_val": 220,
  "val_auc_ovr": 0.9665
}