{
  "best_epoch": 2,
  "val_macro_f1": 0.9266818783275509,
  "val_auc_ovr": 0.9760199080810713,
  "per_class_f1": {
    "ordinary": 0.9439252336448598,
    "hard": 0.9230769230769231,
    "talc": 0.9130434782608695
  },
  "per_part": {
    "ch1": {
      "n": 10,
      "macro_f1": 0.8585858585858586,
      "accuracy": 0.9
    },
    "ch2": {
      "n": 211,
      "macro_f1": 0.9321666371586179,
      "accuracy": 0.933649289099526
    }
  },
  "confusion_matrix": [
    [
      101,
      5,
      0
    ],
    [
      6,
      84,
      2
    ],
    [
      1,
      1,
      21
    ]
  ],
  "train_time_sec": 74.4,
  "n_train": 881,
  "n_val": 221
}